"object_id","schema_key","field_id","field_key","merge_key","native_type"
"6ac5a3fd9c2e1ab4b33524ca","custom_objects.jarvis_acq_properties","sp2FtOvQKu4nxpMs7Rk6","source_identity_ref","custom_objects.jarvis_acq_properties.source_identity_ref","Single line"
"6ac5a3fd9c2e1ab4b33524ca","custom_objects.jarvis_acq_properties","64r31cYAOedH54nY4zYX","asset","custom_objects.jarvis_acq_properties.asset","Single line"
"6ac5a3fd9c2e1ab4b33524ca","custom_objects.jarvis_acq_properties","pQikqcFEZRe5ncdj9r4g","canonical_address","custom_objects.jarvis_acq_properties.canonical_address","Single line"
"6ac5a3fd9c2e1ab4b33524ca","custom_objects.jarvis_acq_properties","FalTmYl1iH2zutgJ2dhk","provider_property_id","custom_objects.jarvis_acq_properties.provider_property_id","Single line"
"6ac5a3fd9c2e1ab4b33524ca","custom_objects.jarvis_acq_properties","XplY0S33KIjn4ZwlSr8w","property_key","custom_objects.jarvis_acq_properties.property_key","Single line"
"6ac5a3fd9c2e1ab4b33524ca","custom_objects.jarvis_acq_properties","pfcckpDT5xFXC7khkQbE","held","custom_objects.jarvis_acq_properties.held","Single line"
"6ac5a3fd9c2e1ab4b33524ca","custom_objects.jarvis_acq_properties","sqvE7N1NuQvsrF743NO1","property_version","custom_objects.jarvis_acq_properties.property_version","Single line"
"6ac5a3fd9c2e1ab4b33524ca","custom_objects.jarvis_acq_properties","oDCuWEhoU4pZDVdOZC1L","current_analysis_id","custom_objects.jarvis_acq_properties.current_analysis_id","Single line"
"6ac5a3fd9c2e1ab4b33524ca","custom_objects.jarvis_acq_properties","18L9eOxChzVv732wzjkD","hold_reason","custom_objects.jarvis_acq_properties.hold_reason","Single line"
"6ac5a3fd9c2e1ab4b33524ca","custom_objects.jarvis_acq_properties","6TDefImbLCv40YFrKTON","human_takeover","custom_objects.jarvis_acq_properties.human_takeover","Single line"
"6ac5a3fd9c2e1ab4b33524ca","custom_objects.jarvis_acq_properties","GOnDKefMYe4zGPAg8H0Q","status","custom_objects.jarvis_acq_properties.status","Single line"
"6ac5a3fd9c2e1ab4b33524ca","custom_objects.jarvis_acq_properties","4pM4GJeQ4la0xj9hhjVu","current_analysis_version","custom_objects.jarvis_acq_properties.current_analysis_version","Single line"
"6ac5a4b55637e713b2f0bdaf","custom_objects.jarvis_acq_analyses","srSo4MUj6HmCY3ytthUS","policy_version","custom_objects.jarvis_acq_analyses.policy_version","Single line"
"6ac5a4b55637e713b2f0bdaf","custom_objects.jarvis_acq_analyses","KfTcLElwiJaeKjcFPr4P","policy_id","custom_objects.jarvis_acq_analyses.policy_id","Single line"
"6ac5a4b55637e713b2f0bdaf","custom_objects.jarvis_acq_analyses","UPVLGpFbJPl93tGRQ1pe","property_key","custom_objects.jarvis_acq_analyses.property_key","Single line"
"6ac5a4b55637e713b2f0bdaf","custom_objects.jarvis_acq_analyses","KME6QRtlwJhHMVYUTPEf","provider_property_id","custom_objects.jarvis_acq_analyses.provider_property_id","Single line"
"6ac5a4b55637e713b2f0bdaf","custom_objects.jarvis_acq_analyses","FH7pkDmG1Nqa68HyAmx4","property_record_id","custom_objects.jarvis_acq_analyses.property_record_id","Single line"
"6ac5a4b55637e713b2f0bdaf","custom_objects.jarvis_acq_analyses","IPDx9algUW8G2H5mIJsV","analysis_version","custom_objects.jarvis_acq_analyses.analysis_version","Single line"
"6ac5a4b55637e713b2f0bdaf","custom_objects.jarvis_acq_analyses","4ngnzzVb8PIcV585IdZB","analysis_key","custom_objects.jarvis_acq_analyses.analysis_key","Single line"
"6ac5a4b55637e713b2f0bdaf","custom_objects.jarvis_acq_analyses","DgFM3Cg6CuGxuFIJrGbE","expected_evidence_count","custom_objects.jarvis_acq_analyses.expected_evidence_count","Number"
"6ac5a4b55637e713b2f0bdaf","custom_objects.jarvis_acq_analyses","kG6PTxWMI5cRsMWjr2bd","rejected_count","custom_objects.jarvis_acq_analyses.rejected_count","Number"
"6ac5a4b55637e713b2f0bdaf","custom_objects.jarvis_acq_analyses","QcdSpALjPqJY88LlCe0u","accepted_count","custom_objects.jarvis_acq_analyses.accepted_count","Number"
"6ac5a4b55637e713b2f0bdaf","custom_objects.jarvis_acq_analyses","TwKaKptIN3n8bBLuvRL4","public_value_usd","custom_objects.jarvis_acq_analyses.public_value_usd","Number"
"6ac5a4b55637e713b2f0bdaf","custom_objects.jarvis_acq_analyses","Gu44XY0WM05KCisNbgw3","basis","custom_objects.jarvis_acq_analyses.basis","Single line"
"6ac5a4b55637e713b2f0bdaf","custom_objects.jarvis_acq_analyses","GLKO9LGcKDmXya8Ro4ok","status","custom_objects.jarvis_acq_analyses.status","Single line"
"6ac5a4b55637e713b2f0bdaf","custom_objects.jarvis_acq_analyses","k7jl7YjsRPyrSWdL0dw7","expires_at","custom_objects.jarvis_acq_analyses.expires_at","Single line"
"6ac5a4b55637e713b2f0bdaf","custom_objects.jarvis_acq_analyses","MtKxLD3wqk2bQ4K5FNzl","retrieved_at","custom_objects.jarvis_acq_analyses.retrieved_at","Single line"
"6ac5a4b55637e713b2f0bdaf","custom_objects.jarvis_acq_analyses","CS0sgUOlmh0IifR64qNe","source_reference","custom_objects.jarvis_acq_analyses.source_reference","Single line"
"6ac5a4b55637e713b2f0bdaf","custom_objects.jarvis_acq_analyses","ZOagl0xtHgCXjhnkyqU1","source_version","custom_objects.jarvis_acq_analyses.source_version","Single line"
"6ac5a4b55637e713b2f0bdaf","custom_objects.jarvis_acq_analyses","F09PLlynkfWkAuqDd6hI","completion_state","custom_objects.jarvis_acq_analyses.completion_state","Single line"
"6ac5a54987e0869402700fa2","custom_objects.jarvis_acq_analysis_evidence_rows","J15jlesvhSewkbbFVUcP","property_type","custom_objects.jarvis_acq_analysis_evidence_rows.property_type","Single line"
"6ac5a54987e0869402700fa2","custom_objects.jarvis_acq_analysis_evidence_rows","wJZy5sX1336EtaZPzCJV","distance_miles","custom_objects.jarvis_acq_analysis_evidence_rows.distance_miles","Number"
"6ac5a54987e0869402700fa2","custom_objects.jarvis_acq_analysis_evidence_rows","FAIcwiEL5JvBHqTzbIfH","sqft","custom_objects.jarvis_acq_analysis_evidence_rows.sqft","Number"
"6ac5a54987e0869402700fa2","custom_objects.jarvis_acq_analysis_evidence_rows","R7kGEPIGMVMw9G7dFit7","sale_price_usd","custom_objects.jarvis_acq_analysis_evidence_rows.sale_price_usd","Number"
"6ac5a54987e0869402700fa2","custom_objects.jarvis_acq_analysis_evidence_rows","jSxrQKeafheGsEGVs3nH","provider_row_ordinal","custom_objects.jarvis_acq_analysis_evidence_rows.provider_row_ordinal","Number"
"6ac5a54987e0869402700fa2","custom_objects.jarvis_acq_analysis_evidence_rows","rZiT8NUVTs3ThDX5DaLD","sale_date","custom_objects.jarvis_acq_analysis_evidence_rows.sale_date","Single line"
"6ac5a54987e0869402700fa2","custom_objects.jarvis_acq_analysis_evidence_rows","jAuPwb2neiyWKCwW9cm9","sale_type","custom_objects.jarvis_acq_analysis_evidence_rows.sale_type","Single line"
"6ac5a54987e0869402700fa2","custom_objects.jarvis_acq_analysis_evidence_rows","T14PtwxwvU06sIMG8J83","row_kind","custom_objects.jarvis_acq_analysis_evidence_rows.row_kind","Single line"
"6ac5a54987e0869402700fa2","custom_objects.jarvis_acq_analysis_evidence_rows","dLxnzof4xdbc4wh4hAxN","exclusion_codes","custom_objects.jarvis_acq_analysis_evidence_rows.exclusion_codes","Single line"
"6ac5a54987e0869402700fa2","custom_objects.jarvis_acq_analysis_evidence_rows","rYAZbgNCO6vlFWiuhcjT","selection","custom_objects.jarvis_acq_analysis_evidence_rows.selection","Single line"
"6ac5a54987e0869402700fa2","custom_objects.jarvis_acq_analysis_evidence_rows","cnsSoK0R37phmE97a8iR","source_property_id","custom_objects.jarvis_acq_analysis_evidence_rows.source_property_id","Single line"
"6ac5a54987e0869402700fa2","custom_objects.jarvis_acq_analysis_evidence_rows","ZVVux4Ce2zoo25fwHTHD","endpoint_contract_version","custom_objects.jarvis_acq_analysis_evidence_rows.endpoint_contract_version","Single line"
"6ac5a54987e0869402700fa2","custom_objects.jarvis_acq_analysis_evidence_rows","BBZ3tikm0lKWeQgzd5ym","expires_at","custom_objects.jarvis_acq_analysis_evidence_rows.expires_at","Single line"
"6ac5a54987e0869402700fa2","custom_objects.jarvis_acq_analysis_evidence_rows","4rseqx7ILvU9tXZ9zIec","retrieved_at","custom_objects.jarvis_acq_analysis_evidence_rows.retrieved_at","Single line"
"6ac5a54987e0869402700fa2","custom_objects.jarvis_acq_analysis_evidence_rows","shwlxjIGNxVvRFWsjDUF","source_reference","custom_objects.jarvis_acq_analysis_evidence_rows.source_reference","Single line"
"6ac5a54987e0869402700fa2","custom_objects.jarvis_acq_analysis_evidence_rows","tu3xOzoCw8BtCkNzqlz0","source_provider","custom_objects.jarvis_acq_analysis_evidence_rows.source_provider","Single line"
"6ac5a54987e0869402700fa2","custom_objects.jarvis_acq_analysis_evidence_rows","4jJIy9fT3m21rm00bf74","property_record_id","custom_objects.jarvis_acq_analysis_evidence_rows.property_record_id","Single line"
"6ac5a54987e0869402700fa2","custom_objects.jarvis_acq_analysis_evidence_rows","hvFz3V1FojYVdVWOfjZL","analysis_version","custom_objects.jarvis_acq_analysis_evidence_rows.analysis_version","Single line"
"6ac5a54987e0869402700fa2","custom_objects.jarvis_acq_analysis_evidence_rows","UQ5Xf2hI3OkNtNmKX9MV","analysis_key","custom_objects.jarvis_acq_analysis_evidence_rows.analysis_key","Single line"
"6ac5a54987e0869402700fa2","custom_objects.jarvis_acq_analysis_evidence_rows","ufoJOWUvacCFwxITYJcB","analysis_record_id","custom_objects.jarvis_acq_analysis_evidence_rows.analysis_record_id","Single line"
"6ac5a54987e0869402700fa2","custom_objects.jarvis_acq_analysis_evidence_rows","sxtKuYXx7WskpjD6oXAy","evidence_key","custom_objects.jarvis_acq_analysis_evidence_rows.evidence_key","Single line"
"6ac5a54987e0869402700fa2","custom_objects.jarvis_acq_analysis_evidence_rows","QFQYs7J76DzgPhqsjuO4","fact_value_text","custom_objects.jarvis_acq_analysis_evidence_rows.fact_value_text","Single line"
"6ac5a54987e0869402700fa2","custom_objects.jarvis_acq_analysis_evidence_rows","kfq2Qq4JszbFG1U4rnz8","fact_unit","custom_objects.jarvis_acq_analysis_evidence_rows.fact_unit","Single line"
"6ac5a54987e0869402700fa2","custom_objects.jarvis_acq_analysis_evidence_rows","RcASjvPqiHERksMa5hN4","fact_value_number","custom_objects.jarvis_acq_analysis_evidence_rows.fact_value_number","Number"
"6ac5a54987e0869402700fa2","custom_objects.jarvis_acq_analysis_evidence_rows","YK1FdFBvRo0TTPqX07cD","fact_name","custom_objects.jarvis_acq_analysis_evidence_rows.fact_name","Single line"
"6ac5a54987e0869402700fa2","custom_objects.jarvis_acq_analysis_evidence_rows","2P7k8aKSmjFJ5nW1GmY2","display_address","custom_objects.jarvis_acq_analysis_evidence_rows.display_address","Single line"
"6ac5a54987e0869402700fa2","custom_objects.jarvis_acq_analysis_evidence_rows","0M7Mg6Jn0czzov7R4DiD","lot_unit","custom_objects.jarvis_acq_analysis_evidence_rows.lot_unit","Single line"
"6ac5a54987e0869402700fa2","custom_objects.jarvis_acq_analysis_evidence_rows","SdxIpJF565MO2ARkAzdi","lot_size","custom_objects.jarvis_acq_analysis_evidence_rows.lot_size","Number"
